{"bow_log_reg_sklearn_train": 0.9977685523449276, "bow_log_reg_sklearn_test": 0.8632912603519866, "bow_nn_torch_train": 0.9961332367083318, "bow_nn_torch_test": 0.8729221278367734, "bow_k_vary": [0.6710131329022746, 0.7859012928499127, 0.8185014204931552, 0.833204312906428, 0.8395206963623849, 0.8448025606930571, 0.8491211208250931, 0.8475185131628017, 0.8518675163169163], "tf_idf_nn_torch_train": 0.990326599878722, "tf_idf_nn_torch_test": 0.8775581651990593, "tf_idf_k_vary": [0.689793759397924, 0.8177229489285687, 0.8496930147398589, 0.8593891172719573, 0.8637903084639212, 0.8688895146621205, 0.8671336046386467, 0.8714075874883528, 0.8736397133572021], "bow_nb_sklearn_train": 0.9734988140675616, "bow_nb_sklearn_test": 0.8734907599991737, "tf_idf_nb_sklearn_train": 0.9801147734465904, "tf_idf_nb_sklearn_test": 0.8831096677252865}